city,date,ip
Argelès-sur-Mer,"2025-04-20 17:27:44",2a01:e0a:282:5240:3006:b01a:4ba8:f06e
Andiran,"2025-04-20 17:36:59",2a01:e0a:40b:14f0:3434:f415:e0d6:d486
Andiran,"2025-04-20 17:37:02",54.229.139.48
Andiran,"2025-04-20 17:37:03",2a01:e0a:40b:14f0:3434:f415:e0d6:d486
Alluy,"2025-04-20 18:09:29",2a01:e0a:282:5240:3006:b01a:4ba8:f06e
Alluy,"2025-04-20 18:09:31",2a01:e0a:282:5240:3006:b01a:4ba8:f06e
Ancourteville-sur-Héricourt,"2025-04-20 18:10:51",2a01:e0a:282:5240:3006:b01a:4ba8:f06e
Ancourteville-sur-Héricourt,"2025-04-20 18:14:36",2a01:e0a:282:5240:3006:b01a:4ba8:f06e
L&#039;Abergement-Sainte-Colombe,"2025-04-20 18:22:24",2a01:e0a:282:5240:3006:b01a:4ba8:f06e
L&#039;Abergement-Sainte-Colombe,"2025-04-20 18:23:39",2a01:e0a:282:5240:3006:b01a:4ba8:f06e
Ajaccio,"2025-04-20 23:39:37",2a01:e0a:282:5240:3006:b01a:4ba8:f06e
Aguilcourt,"2025-04-20 23:41:21",2a01:e0a:b84:6d20:65e5:d78a:55c8:ec0f
